{
    "GT Annotations": "toy_saco_sav_test",
    "Predictions": "toy_saco_sav_test_preds.json",
    "TETA": 36.647,
    "TETA LocA": 33.955,
    "TETA AssA": 39.831,
    "TETA ClsA": 36.156,
    "Demo F1": 0.2530469482462563,
    "Demo Recall": 0.2599995272735868,
    "Demo Precision": 0.2465512990494844,
    "HOTA": 0.4813500603144892,
    "HOTA DetA": 0.30293800868433934,
    "HOTA AssA": 0.7920319062312742,
    "TETA Results": {
        "video_bbox_teta": 36.647,
        "video_bbox_loc_a": 33.955,
        "video_bbox_assoc_a": 39.831,
        "video_bbox_cls_a": 36.156,
        "video_bbox_loc_re": 38.751,
        "video_bbox_loc_pr": 53.3,
        "video_bbox_assoc_re": 43.022,
        "video_bbox_assoc_pr": 51.243,
        "video_bbox_cls_re": 41.688,
        "video_bbox_cls_pr": 42.997
    },
    "HOTA Results": {
        "video_bbox_all_phrase_HOTA": 0.4683843566922963,
        "video_bbox_all_phrase_DetA": 0.2953739741376707,
        "video_bbox_all_phrase_AssA": 0.7528502364484742,
        "video_bbox_all_phrase_DetRe": 0.4084388902455858,
        "video_bbox_all_phrase_DetPr": 0.4999090318388564,
        "video_bbox_all_phrase_AssRe": 0.7941517296232942,
        "video_bbox_all_phrase_AssPr": 0.8816699463642517,
        "video_bbox_all_phrase_LocA": 0.8758308797240266,
        "video_bbox_all_phrase_OWTA": 0.5521777399177527,
        "video_mask_all_phrase_HOTA": 0.4813500603144892,
        "video_mask_all_phrase_DetA": 0.30293800868433934,
        "video_mask_all_phrase_AssA": 0.7920319062312742,
        "video_mask_all_phrase_DetRe": 0.41247358865187983,
        "video_mask_all_phrase_DetPr": 0.5048473034437947,
        "video_mask_all_phrase_AssRe": 0.8239638417985008,
        "video_mask_all_phrase_AssPr": 0.9046110517059587,
        "video_mask_all_phrase_LocA": 0.8474454720946745,
        "video_mask_all_phrase_OWTA": 0.5640588186904619
    },
    "Demo F1 Results": {
        "video_bbox_demo_precision_50_95": 0.24310302913270837,
        "video_bbox_demo_recall_50_95": 0.2563631702487813,
        "video_bbox_demo_f1_50_95": 0.24950712952040116,
        "video_bbox_demo_precision_50": 0.3793096908453606,
        "video_bbox_demo_recall_50": 0.39999927272859503,
        "video_bbox_demo_f1_50": 0.38932988345766156,
        "video_bbox_demo_cfg1_50": 0.07786399670890737,
        "video_bbox_demo_precision_75": 0.2586202437582004,
        "video_bbox_demo_recall_75": 0.2727267768604057,
        "video_bbox_demo_f1_75": 0.2654363004196587,
        "video_bbox_demo_pmf1_50_95": 0.17041348875463605,
        "video_bbox_demo_ilmcc_50_95": 0.3405405441081907,
        "video_bbox_demo_cfg1_50_95": 0.05803270218387878,
        "video_bbox_demo_pmf1_50": 0.22864824190851638,
        "video_bbox_demo_ilmcc_50": 0.3405405441081907,
        "video_bbox_demo_pmf1_75": 0.17575276961141303,
        "video_bbox_demo_ilmcc_75": 0.3405405441081907,
        "video_bbox_demo_cfg1_75": 0.05985094379199207,
        "video_mask_demo_precision_50_95": 0.2465512990494844,
        "video_mask_demo_recall_50_95": 0.2599995272735868,
        "video_mask_demo_f1_50_95": 0.2530469482462563,
        "video_mask_demo_precision_50": 0.43103373959700064,
        "video_mask_demo_recall_50": 0.45454462810067614,
        "video_mask_demo_f1_50": 0.4424271338437846,
        "video_mask_demo_cfg1_50": 0.09531605979933777,
        "video_mask_demo_precision_75": 0.2068961950065603,
        "video_mask_demo_recall_75": 0.21818142148832456,
        "video_mask_demo_f1_75": 0.21233905161420932,
        "video_mask_demo_pmf1_50_95": 0.1873530667047036,
        "video_mask_demo_ilmcc_50_95": 0.3405405441081907,
        "video_mask_demo_cfg1_50_95": 0.06380131527595792,
        "video_mask_demo_pmf1_50": 0.27989636314510496,
        "video_mask_demo_ilmcc_50": 0.3405405441081907,
        "video_mask_demo_pmf1_75": 0.1574215518867078,
        "video_mask_demo_ilmcc_75": 0.3405405441081907,
        "video_mask_demo_cfg1_75": 0.05360842093385525
    }
}